chinese_simplified,english,english-fiction,french,german,hebrew,italian,russian,spanish
①,al,al,in,of,,pp,ст,of
②,et,et,of,'s,,ss,гг,and
③,de,de,and,et,,to,см,pp
④,la,la,etc,al,,it,км,etc
⑤,ed,ed,al,to,,igd,кг,et
⑥,vol,vol,to,la,,for,мл,to
,co,co,op,Peter,,dir,изд,iban
,en,en,civ,New,,op,ср,cit
,le,le,pp,is,,is,св,art
,eds,eds,km,Rn,,en,кн,on
,der,der,for,Thomas,,der,соч,'s
,mg,mg,el,Paul,,do,ся,l'
,el,el,obs,for,,sin,мг,d'
,ii,ii,er,on,,el,че,ex
,mm,mm,ben,York,,es,кв,ed
,und,und,ex,Anna,,du,,new
,d',d',éd,Maria,,with,,op
,des,des,is,London,,die,,is
,st,st,re,that,,von,,mg
,cm,cm,week,be,,not,,usa
,ll,ll,end,en,,km,,cm
,los,los,that,David,,sir,,das
,du,du,min,le,,na,,an
,l',l',qu,Georg,,he,,du
,von,von,com,Franz,,cod,,it
,li,li,it,Tom,,cost,,der
,que,que,sam,Johann,,the,,will
,doi,doi,und,cm,,of,,you
,med,med,cm,mm,,cit,,ss
,di,di,dr,it,,and,,na
,ve,ve,los,Daniel,,san,,from
,se,se,von,Christian,,ew,,at
,un,un,by,Frank,,civ,,leo
,les,les,at,Richard,,itr,,une
,del,del,from,he,,cfr,,mm
,kg,kg,you,di,,und,,kg
,ch,ch,miss,by,,that,,by
,res,res,be,Walter,,que,,von
,iii,iii,do,kg,,by,,il
,na,na,cf,Alexander,,man,,be
,cf,cf,st,Klaus,,as,,ej
,sa,sa,fig,fie,,at,,or
,int,int,he,Otto,,cm,,sir
,em,em,da,men,,you,,re
,si,si,not,social,,will,,his
,eq,eq,will,ift,,pag,,und
,km,km,ch,fo,,from,,com
,il,il,was,Alex,,att,,km
,fi,fi,co,Werner,,his,,not
,ing,ing,up,no,,was,,min
,th,th,are,Jack,,los,,ma
,kjb,kjb,this,ge,,trad,,die
,nm,nm,mm,se,,up,,co
,te,te,lsg,James,,law,,sae
,og,og,av,Hermann,,are,,do
,las,las,ss,at,,men,,des
,das,das,new,you,,my,,pág
,iv,iv,ibid,Sam,,this,,vol
,es,es,mi,mg,,house,,with
,ml,ml,coll,Goethe,,mar,,rev
,com,com,anti,Jan,,lor,,págs
,au,au,die,Carl,,time,,sa
,tel,tel,street,Jean,,have,,lady
,pp,pp,déc,from,,une,,ca
,est,est,his,or,,er,,ml
,im,im,kg,Rhodan,,but,,are
,ne,ne,world,Miss,,false,,my
,ofa,ofa,all,kg,,one,,was
,su,su,man,Julia,,sec,,all
,ni,ni,pr,ver,,kg,,ad
,vi,vi,fr,les,,they,,am
,neo,neo,li,Kant,,etc,,they
,yu,yu,my,el,,ml,,pa
,ang,ang,have,Eva,,den,,introduce
,mol,mol,house,non,,book,,this
,oz,oz,tél,Adam,,shock,,review
,mi,mi,anglo,do,,das,,est
,vis,vis,one,the,,mm,,ta
,nie,nie,mg,de,,which,,em
,edn,edn,dus,Friedrich,,cum,,trad
,ms,ms,they,Paris,,tttt,,man
,het,het,king,GmbH,,life,,li
,ng,ng,che,Stuttgart,,tel,,have
,sy,sy,na,John,,han,,pre
,mon,mon,so,Michael,,line,,arts
,xi,xi,we,Martin,,mg,,ra
,qui,qui,out,Hamburg,,dans,,alife
,cit,cit,della,Kap,,fig,,we
,tis,tis,black,Robert,,ut,,one
,zu,zu,law,Heinrich,,au,,study
,una,una,age,Wilhelm,,can,,but
,ft,ft,road,as,,care,,may
,exp,exp,history,Johannes,,og,,your
,por,por,their,Köln,,her,,time
,ti,ti,das,ben,,las,,qui
,lu,lu,which,Wiesbaden,,am,,anti
,pt,pt,ibn,un,,their,,use
,ibn,ibn,ed,with,,je,,cf
,ps,ps,una,km,,ab,,ne
,je,je,tttt,Wolfgang,,ta,,city
,var,var,big,AG,,if,,ii
,cu,cu,time,Leipzig,,nn,,og
,situ,situ,what,Ludwig,,kaj,,their
,dans,dans,por,Göttingen,,sgg,,men
,ce,ce,lo,inne,,killer,,him
,hoc,hoc,life,George,,ord,,them
,ta,ta,studies,Ebd,,rare,,who
,quo,quo,cl,Stefan,,him,,dans
,tu,tu,lou,Jürgen,,tr,,children
,ella,ella,ve,ten,,reg,,ob
,lang,lang,more,Ulrich,,ii,,up
,della,della,if,Sophie,,comm,,ng
,mt,mt,state,Fritz,,rue,,mo
,rom,rom,who,Lisa,,ja,,fig
,che,che,am,are,,had,,which
,cor,cor,ann,Bonn,,pour,,go
,meg,meg,beach,Tübingen,,pe,,when
,rs,rs,your,Zürich,,your,,determine
,til,til,go,Heinz,,there,,po
,mu,mu,tlj,Lady,,nun,,ce
,ja,ja,its,Elisabeth,,them,,people
,mia,mia,ferry,Emma,,we,,if
,ned,ned,comm,Jakob,,prof,,said
,esp,esp,her,Lord,,im,,shall
,coli,coli,boy,Rudolf,,nude,,her
,wi,wi,war,San,,circ,,there
,ka,ka,has,up,,gr,,esp
,sp,sp,ré,Henry,,fasc,,lu
,vs,vs,im,Anne,,por,,dad
,ich,ich,land,Markus,,com,,big
,sie,sie,first,ml,,she,,disease
,sic,sic,there,Leo,,res,,care
,rd,rd,had,ff,,ng,,after
,für,für,men,me,,value,,had
,br,br,mar,ad,,zu,,leg
,cl,cl,close,Hitler,,go,,xx
,pm,pm,res,Albert,,cc,,vs
,wbt,wbt,mia,Philipp,,its,,
,seq,seq,sq,Christoph,,pi,,
,ins,ins,when,del,,conv,,
,po,po,were,this,,were,,
,μm,μm,self,Josef,,like,,
,ac,ac,aff,Laura,,made,,
,ser,ser,,min,,drink,,
,มา,มา,,Wagner,,server,,
,ek,ek,,Felix,,create,,
,จะ,จะ,,il,,shall,,
,jy,jy,,Sebastian,,ich,,
,ไป,ไป,,Charles,,shopping,,
,มา,มา,,University,,has,,
,kan,kan,,Harry,,said,,
,jou,jou,,Gerhard,,dem,,
,ของ,ของ,,Meyer,,ult,,
,เขา,เขา,,his,,,,
,yn,yn,,Bayern,,,,
,aan,aan,,Mary,,,,
,oor,oor,,Alfred,,,,
,,,,net,,,,
,,,,Dad,,,,
,,,,Paulus,,,,
,,,,Mike,,,,
,,,,Jacke,,,,
,,,,we,,,,
,,,,Kurt,,,,
,,,,Dieter,,,,
,,,,sa,,,,
,,,,gem,,,,
,,,,Nick,,,,
,,,,Marx,,,,
,,,,Düsseldorf,,,,
,,,,Bernhard,,,,
,,,,hg,,,,
,,,,te,,,,
,,,,ders,,,,
,,,,re,,,,
,,,,Barbara,,,,
,,,,Joachim,,,,
,,,,Helmut,,,,
,,,,thun,,,,
,,,,Anton,,,,
,,,,Luther,,,,
,,,,Sachsen,,,,
,,,,eG,,,,
,,,,si,,,,
,,,,Tim,,,,
,,,,have,,,,
,,,,Charlotte,,,,
,,,,que,,,,
,,,,Herbert,,,,
,,,,Aristoteles,,,,
,,,,Katharina,,,,
,,,,StGB,,,,
,,,,Chris,,,,
,,,,my,,,,
,,,,Erich,,,,
,,,,Joe,,,,
,,,,Basel,,,,
,,,,Jerusalem,,,,
,,,,est,,,,
,,,,Konrad,,,,
,,,,Bernd,,,,
,,,,Freiburg,,,,
,,,,Smith,,,,
,,,,Mr,,,,
,,,,Lena,,,,
,,,,Matthias,,,,
,,,,Louis,,,,
,,,,ma,,,,
,,,,Abs,,,,
,,,,Google,,,,
,,,,Jonas,,,,
,,,,seyn,,,,
,,,,Theil,,,,
,,,,Oliver,,,,
,,,,Sabine,,,,
,,,,Marc,,,,
,,,,out,,,,
,,,,law,,,,
,,,,Arthur,,,,
,,,,Susanne,,,,
,,,,how,,,,
,,,,Jane,,,,
,,,,Bern,,,,
,,,,Becker,,,,
,,,,Weimar,,,,
,,,,Nietzsche,,,,
,,,,science,,,,
,,,,Gustav,,,,
,,,,Andrea,,,,
,,,,life,,,,
,,,,Freud,,,,
,,,,bey,,,,
,,,,Pierre,,,,
,,,,Benjamin,,,,
,,,,Gabriel,,,,
,,,,Alice,,,,
,,,,EuGH,,,,
,,,,Luke,,,,
,,,,Theodor,,,,
,,,,they,,,,
,,,,Facebook,,,,
,,,,Jenny,,,,
,,,,Oxford,,,,
,,,,Gl,,,,
,,,,Julius,,,,
,,,,Bill,,,,
,,,,Samuel,,,,
,,,,Claudia,,,,
,,,,EStG,,,,
,,,,Hegel,,,,
,,,,Hoffmann,,,,
,,,,American,,,,
,,,,Patrick,,,,
,,,,Ruprecht,,,,
,,,,Julian,,,,
,,,,Rainer,,,,
,,,,Kate,,,,
,,,,Jim,,,,
,,,,what,,,,
,,,,Moskau,,,,
,,,,history,,,,
,,,,Johanna,,,,
,,,,Nina,,,,
,,,,Schiller,,,,
,,,,Hannah,,,,
,,,,Atlan,,,,
,,,,mo,,,,
,,,,Beck,,,,
,,,,Bruno,,,,
,,,,Sandra,,,,
,,,,state,,,,
,,,,theory,,,,
,,,,Leon,,,,
,,,,Kai,,,,
,,,,chen,,,,
,,,,Hanna,,,,
,,,,Bremen,,,,
,,,,Christine,,,,
,,,,che,,,,
,,,,Vandenhoeck,,,,
,,,,Adolf,,,,
,,,,Emily,,,,
,,,,Rolf,,,,
,,,,mia,,,,
,,,,if,,,,
,,,,Jacob,,,,
,,,,Roland,,,,
,,,,Hugo,,,,
,,,,Marcus,,,,
,,,,Arnold,,,,
,,,,Perry,,,,
,,,,may,,,,
,,,,Corporate,,,,
,,,,Albrecht,,,,
,,,,Nürnberg,,,,
,,,,Kim,,,,
,,,,Jens,,,,
,,,,Ruth,,,,
,,,,Eric,,,,
,,,,Darmstadt,,,,
,,,,end,,,,
,,,,ann,,,,
,,,,can,,,,
,,,,Jörg,,,,
,,,,Saint,,,,
,,,,Bob,,,,
,,,,Mom,,,,
,,,,Gregor,,,,
,,,,Michel,,,,
,,,,mi,,,,
,,,,Moritz,,,,
,,,,vgl,,,,
,,,,Napoleon,,,,
,,,,Lucy,,,,
,,,,Weimarer,,,,
,,,,Sven,,,,
,,,,Günther,,,,
,,,,qui,,,,
,,,,Ellen,,,,
,,,,Charlie,,,,
,,,,old,,,,
,,,,Edward,,,,
,,,,Toni,,,,
,,,,Karin,,,,
,,,,Günter,,,,
,,,,schen,,,,
,,,,know,,,,
,,,,Stephan,,,,
,,,,Parker,,,,
,,,,diefer,,,,
,,,,Monsieur,,,,
,,,,vs,,,,
,,,,books,,,,
,,,,Tobias,,,,
,,,,Rhein,,,,
,,,,dat,,,,
,,,,phil,,,,
,,,,Petra,,,,
,,,,Mrs,,,,
,,,,st,,,,
,,,,Erik,,,,
,,,,black,,,,
,,,,Suhrkamp,,,,
,,,,Venedig,,,,
,,,,big,,,,
,,,,Schröder,,,,
,,,,Brandenburg,,,,
,,,,society,,,,
,,,,Mainz,,,,
,,,,Uwe,,,,
,,,,your,,,,
,,,,Harald,,,,
,,,,Martha,,,,
,,,,king,,,,
,,,,Florian,,,,
,,,,Luise,,,,
,,,,vnd,,,,
,,,,nr,,,,
,,,,Clara,,,,
,,,,Sara,,,,
,,,,had,,,,
,,,,roth,,,,
,,,,Jason,,,,
,,,,more,,,,
,,,,Marco,,,,
,,,,ur,,,,
,,,,Jonathan,,,,
,,,,Huber,,,,
,,,,Württemberg,,,,
,,,,Claire,,,,
,,,,Peters,,,,
,,,,Luhmann,,,,
,,,,li,,,,
,,,,Melanie,,,,
,,,,vera,,,,
,,,,Goethes,,,,
,,,,Jacques,,,,
,,,,there,,,,
,,,,case,,,,
,,,,Linda,,,,
,,,,Bettina,,,,
,,,,Gottfried,,,,
,,,,Agnes,,,,
,,,,Fred,,,,
,,,,Paula,,,,
,,,,Norbert,,,,
,,,,Marianne,,,,
,,,,Helen,,,,
,,,,Victor,,,,
,,,,lich,,,,
,,,,BVerfG,,,,
,,,,work,,,,
,,,,Berger,,,,
,,,,Monika,,,,
,,,,Ryan,,,,
,,,,Abraham,,,,
,,,,Sonja,,,,
,,,,pH,,,,
,,,,Siegfried,,,,
,,,,has,,,,
,,,,Steve,,,,
,,,,Prag,,,,
,,,,Jake,,,,
,,,,Lucas,,,,
,,,,ed,,,,
,,,,long,,,,
,,,,Angela,,,,
,,,,make,,,,
,,,,Hartmann,,,,
,,,,open,,,,
,,,,Katja,,,,
,,,,Grace,,,,
,,,,Jones,,,,
,,,,study,,,,
,,,,Adrian,,,,
,,,,who,,,,
,,,,Tina,,,,
,,,,nit,,,,
,,,,Sokrates,,,,
,,,,Schulz,,,,
,,,,Taylor,,,,
,,,,BVerfGE,,,,
,,,,its,,,,
,,,,Petrus,,,,
,,,,Theo,,,,
,,,,co,,,,
,,,,StPO,,,,
,,,,sur,,,,
,,,,Antonio,,,,
,,,,Athen,,,,
,,,,Miller,,,,
,,,,Scott,,,,
,,,,Santa,,,,
,,,,sen,,,,
,,,,Platon,,,,
,,,,dans,,,,
,,,,Chicago,,,,
,,,,AktG,,,,
,,,,Ralf,,,,
,,,,white,,,,
,,,,Jena,,,,
,,,,office,,,,
,,,,Kevin,,,,
,,,,Meier,,,,
,,,,Eduard,,,,
,,,,Dirk,,,,
,,,,Würzburg,,,,
,,,,Lars,,,,
,,,,Judith,,,,
,,,,fr,,,,
,,,,Viktor,,,,
,,,,Neumann,,,,
,,,,Roger,,,,
,,,,dB,,,,
,,,,Diana,,,,
,,,,Nora,,,,
,,,,Lorenz,,,,
,,,,fiir,,,,
,,,,Emil,,,,
,,,,par,,,,
,,,,were,,,,
,,,,Reinhard,,,,
,,,,Clemens,,,,
,,,,red,,,,
,,,,Nicole,,,,
,,,,della,,,,
,,,,Finn,,,,
,,,,Volker,,,,
,,,,mA,,,,
,,,,Helena,,,,
,,,,Ella,,,,
,,,,Brown,,,,
,,,,Foucault,,,,
,,,,when,,,,
,,,,Elena,,,,
,,,,Habermas,,,,
,,,,Juan,,,,
,,,,son,,,,
,,,,une,,,,
,,,,Elias,,,,
,,,,Robin,,,,
,,,,Susan,,,,
,,,,aa,,,,
,,,,Hannes,,,,
,,,,point,,,,
,,,,Rachel,,,,
,,,,eBook,,,,
,,,,Mum,,,,
,,,,set,,,,
,,,,Julie,,,,
,,,,Jessica,,,,
,,,,Tony,,,,
,,,,she,,,,
,,,,Ursula,,,,
,,,,Noah,,,,
,,,,Schmitt,,,,
,,,,Helene,,,,
,,,,down,,,,
,,,,ie,,,,
,,,,Johnson,,,,
,,,,dei,,,,
,,,,Heidegger,,,,
,,,,Mario,,,,
,,,,Andrew,,,,
,,,,ent,,,,
,,,,go,,,,
,,,,Moses,,,,
,,,,Gerd,,,,
,,,,him,,,,
,,,,times,,,,
,,,,Boston,,,,
,,,,Humboldt,,,,
,,,,Stella,,,,
,,,,Mannheim,,,,
,,,,Braunschweig,,,,
,,,,lit,,,,
,,,,Jochen,,,,
,,,,Elizabeth,,,,
,,,,ca,,,,
,,,,Germany,,,,
,,,,Magnus,,,,
,,,,seen,,,,
,,,,Ali,,,,
,,,,Mayer,,,,
,,,,Brüssel,,,,
,,,,Amy,,,,
,,,,ter,,,,
,,,,Anja,,,,
,,,,Steiner,,,,
,,,,about,,,,
,,,,Renate,,,,
,,,,zit,,,,
,,,,Heine,,,,
,,,,best,,,,
,,,,Lutz,,,,
,,,,Hitlers,,,,
,,,,Franziska,,,,
,,,,int,,,,
,,,,nordrhein,,,,
,,,,Marion,,,,
,,,,good,,,,
,,,,Brian,,,,
,,,,Mac,,,,
,,,,Willi,,,,
,,,,Carlos,,,,
,,,,Ian,,,,
,,,,Klara,,,,
,,,,Isabella,,,,
,,,,Nathan,,,,
,,,,off,,,,
,,,,Morgan,,,,
,,,,Europe,,,,
,,,,our,,,,
,,,,Philip,,,,
,,,,Leopold,,,,
,,,,Irene,,,,
,,,,German,,,,
,,,,Lea,,,,
,,,,Florenz,,,,
,,,,sin,,,,
,,,,Kiel,,,,
,,,,Eberhard,,,,
,,,,Sophia,,,,
,,,,into,,,,
,,,,Jackson,,,,
,,,,Francisco,,,,
,,,,like,,,,
,,,,Leibniz,,,,
,,,,Lara,,,,
,,,,Holland,,,,
,,,,them,,,,
,,,,Vincent,,,,
,,,,Louise,,,,
,,,,economic,,,,
,,,,Olivia,,,,
,,,,said,,,,
,,,,Marcel,,,,
,,,,Miriam,,,,
,,,,Henri,,,,
,,,,Lydia,,,,
,,,,Lilly,,,,
,,,,place,,,,
,,,,over,,,,
,,,,act,,,,
,,,,Eugen,,,,
,,,,green,,,,
,,,,Hill,,,,
,,,,InsO,,,,
,,,,pour,,,,
,,,,Aachen,,,,
,,,,Maximilian,,,,
,,,,Aaron,,,,
,,,,back,,,,
,,,,Rebecca,,,,
,,,,Wilson,,,,
,,,,Walther,,,,
,,,,Gordon,,,,
,,,,Wolff,,,,
,,,,Ross,,,,
,,,,Erwin,,,,
,,,,Rick,,,,
,,,,River,,,,
,,,,Simone,,,,
,,,,Lothar,,,,
,,,,Hansen,,,,
,,,,Billy,,,,
,,,,Jennifer,,,,
,,,,day,,,,
,,,,Schleswig,,,,
,,,,Ulrike,,,,
,,,,rue,,,,
,,,,Augsburg,,,,
,,,,Tanja,,,,
,,,,fol,,,,
,,,,Hubert,,,,
,,,,Beate,,,,
,,,,con,,,,
,,,,Gucky,,,,
,,,,Adorno,,,,
,,,,Manuel,,,,
,,,,care,,,,
,,,,Hagen,,,,
,,,,Bourdieu,,,,
,,,,Fabian,,,,
,,,,Gabler,,,,
,,,,two,,,,
,,,,Niklas,,,,
,,,,Brandt,,,,
,,,,Mona,,,,
,,,,Alexandra,,,,
,,,,company,,,,
,,,,ran,,,,
,,,,felbft,,,,
,,,,Brigitte,,,,
,,,,Bismarck,,,,
,,,,bit,,,,
,,,,only,,,,
,,,,sey,,,,
,,,,Josh,,,,
,,,,use,,,,
,,,,Venus,,,,
,,,,Erika,,,,
,,,,capital,,,,
,,,,Stephen,,,,
,,,,Marburg,,,,
,,,,United,,,,
,,,,nnd,,,,
,,,,Pia,,,,
,,,,Alan,,,,
,,,,han,,,,
,,,,aA,,,,
,,,,Logan,,,,
,,,,Lewis,,,,
,,,,Helga,,,,
,,,,Vanessa,,,,
,,,,Danny,,,,
,,,,Schmid,,,,
,,,,fchon,,,,
,,,,Rio,,,,
,,,,Johnny,,,,
,,,,Edgar,,,,
,,,,Heidi,,,,
,,,,Holger,,,,
,,,,Conrad,,,,
,,,,us,,,,
,,,,Liam,,,,
,,,,Jamie,,,,
,,,,Doris,,,,
,,,,Giovanni,,,,
,,,,Martina,,,,
,,,,Christopher,,,,
,,,,Henning,,,,
,,,,Potsdam,,,,
,,,,Doc,,,,
,,,,Sascha,,,,
,,,,Rudi,,,,
,,,,Christina,,,,
,,,,Lily,,,,
,,,,Andy,,,,
,,,,Lehmann,,,,
,,,,Luca,,,,
,,,,Kelly,,,,
,,,,Boris,,,,
,,,,Ray,,,,
,,,,Matthäus,,,,
,,,,Carlo,,,,
,,,,bella,,,,
,,,,ko,,,,
,,,,André,,,,
,,,,Tristan,,,,
,,,,Jana,,,,
,,,,some,,,,
,,,,Luthers,,,,
,,,,Holmes,,,,
,,,,Williams,,,,
,,,,len,,,,
,,,,Adams,,,,
,,,,well,,,,
,,,,Herder,,,,
,,,,France,,,,
,,,,young,,,,
,,,,Regensburg,,,,
,,,,Claus,,,,
,,,,way,,,,
,,,,Barth,,,,